user_id,platform_id,IL_Key.backspaceKey.backspace_mean,IL_Key.backspaceKey.backspace_median,IL_Key.backspaceKey.backspace_q1,IL_Key.backspaceKey.backspace_q3,IL_Key.backspaceKey.backspace_std,IL_Key.spacea_mean,IL_Key.spacea_median,IL_Key.spacea_q1,IL_Key.spacea_q3,IL_Key.spacea_std,IL_Key.spacet_mean,IL_Key.spacet_median,IL_Key.spacet_q1,IL_Key.spacet_q3,IL_Key.spacet_std,IL_dKey.space_mean,IL_dKey.space_median,IL_dKey.space_q1,IL_dKey.space_q3,IL_dKey.space_std,IL_eKey.space_mean,IL_eKey.space_median,IL_eKey.space_q1,IL_eKey.space_q3,IL_eKey.space_std,IL_he_mean,IL_he_median,IL_he_q1,IL_he_q3,IL_he_std,IL_in_mean,IL_in_median,IL_in_q1,IL_in_q3,IL_in_std,IL_sKey.space_mean,IL_sKey.space_median,IL_sKey.space_q1,IL_sKey.space_q3,IL_sKey.space_std,IL_tKey.space_mean,IL_tKey.space_median,IL_tKey.space_q1,IL_tKey.space_q3,IL_tKey.space_std,IL_th_mean,IL_th_median,IL_th_q1,IL_th_q3,IL_th_std
1054,3,678.8959365079369,96.922,83.359,129.30599999999998,2263.0883535935227,663.3964166666666,279.26099999999997,144.553,751.7919999999999,826.4186571877959,285.97518604651157,74.898,50.948,148.101,599.1896696406404,19.910444444444444,18.2655,0.876,36.876999999999995,30.551564585375637,38.73054687499998,16.411499999999997,0.89,34.913,124.94058896194022,53.61312903225805,34.665,11.604,65.37899999999999,71.7073103315331,43.15830303030304,36.839,-7.417,62.556,69.60626405427031,40.451651162790704,3.7159999999999997,-23.296,28.166999999999998,183.21575742574572,49.30587878787879,14.777999999999999,1.303,47.333,93.81567062355494,27.971242424242423,20.945,-0.849,44.784,57.54456429207188
1062,3,186.12925396825403,127.788,110.91799999999999,200.81699999999998,142.5375602120105,344.61533333333335,143.024,115.12599999999999,323.40299999999996,612.7828094997329,439.8004590163935,233.90099999999998,162.81099999999998,366.019,736.2204413031822,236.7674576271186,99.42699999999999,58.675,199.486,486.9998958578916,153.16877659574462,89.06899999999999,52.742999999999995,150.65,247.30404198885387,153.67561764705886,79.425,50.370999999999995,184.81099999999998,195.51237012294592,195.54375,161.59699999999998,150.34699999999998,174.69199999999998,141.1241451204831,172.89480303030305,70.3245,47.948,104.04599999999999,374.04036705028835,637.6503623188405,182.278,156.784,266.533,3257.729132868016,135.33915384615383,130.0155,123.363,150.37199999999999,41.45511759055153
1043,1,200.85273124999998,105.9635,91.559,183.56199999999998,428.61208699293206,752.6637674418605,137.62699999999998,57.038999999999994,321.784,2234.5912504748926,648.7014794520546,303.24399999999997,201.22799999999998,607.3399999999999,954.0114211993525,69.85951515151515,52.800999999999995,39.178,65.079,62.09785322583684,104.06089361702132,56.45399999999999,41.644999999999996,79.068,189.29886871859296,93.22593333333334,65.9105,44.150999999999996,118.06299999999999,91.8626574658335,104.60303846153846,94.3185,85.895,119.291,25.207111414806366,72.96377142857145,49.910999999999994,38.608,70.497,90.81745611781318,131.47346987951818,99.429,54.177,139.164,134.20482640137374,112.35616666666668,104.89099999999999,90.529,122.544,72.0440765227384
1051,2,170.687698630137,96.634,87.78099999999999,128.44,253.37344883051384,1732.991,736.7339999999999,438.438,3581.479,1967.809469630317,857.221125,563.2484999999999,289.55699999999996,1057.214,841.0047734410607,35.44866666666667,28.387999999999998,28.387999999999998,100.101,61.42710024356785,-21.73925,-21.604,-37.422,-8.043,30.52789467901993,47.16349999999999,56.486999999999995,28.171,63.064,30.85686236791271,172.0125,172.0125,146.57999999999998,197.445,35.96698642505375,-6.7885,-10.4455,-18.712,9.776,24.49408195499847,19.798666666666666,0.4789999999999992,-23.028,44.879999999999995,62.84628005276516,128.78175000000002,95.0515,54.245999999999995,117.41,165.0370972005578
1013,1,199.0338266666666,94.509,80.961,159.38299999999998,295.66575329668564,764.757019607843,84.709,51.419999999999995,150.749,4424.441072004863,161.11484615384617,89.96499999999999,69.26299999999999,154.936,206.03243728478097,127.5069285714286,72.42949999999999,55.424,115.74799999999999,148.45186823301626,48.91083116883115,39.576,19.124,53.817,61.241793083989414,10.213555555555557,-3.8689999999999998,-36.702,46.751999999999995,70.5232119852602,116.97493478260867,117.16799999999999,107.782,127.137,15.021013503906488,35.10438297872341,28.823,7.8759999999999994,50.781,41.08869602486859,56.84698333333334,59.067499999999995,38.772,68.538,31.22017989638159,75.79133333333331,102.826,12.517,122.604,59.86584582245318
1057,3,104.1591872659176,85.926,77.50699999999999,96.874,76.14503735453938,313.5292302158273,101.38799999999999,24.467,271.86699999999996,924.6286248261375,309.6384302325581,73.49199999999999,6.513999999999999,258.95099999999996,875.1325272059763,19.73803603603602,3.903,-23.625999999999998,34.22,94.8681728432506,3.0351528925619813,-4.211499999999999,-39.756,28.389999999999997,73.11516474330928,-52.86399999999998,-61.227,-103.817,-15.354,82.70849290459243,-43.44854545454543,-51.91499999999999,-79.972,-30.215,58.900319340365186,16.32526035502958,-3.5709999999999997,-23.770999999999997,31.901,93.55629661155847,92.84190303030303,15.485,-7.279,41.224,748.2987676222501,-9.166430555555555,-16.128999999999998,-52.622,14.769,131.89352438812003
1002,3,69.4490769230769,59.442499999999995,48.114999999999995,72.01899999999999,39.26126738445725,80.28344444444444,23.997,10.186,63.381,150.82296026891188,128.32595652173913,30.622999999999998,-7.401,103.997,277.04209432133695,20.000833333333333,19.546999999999997,0.5429999999999999,32.025,22.83331526009017,20.296899999999997,16.012,7.686,32.019999999999996,24.92979777379081,-6.2519374999999995,3.6779999999999995,-23.529,22.171,40.70700628387985,-28.714874999999996,-30.869,-34.007,-15.224,24.64396858948018,4.553384615384614,7.665,-15.286999999999999,16.005,28.37891892038426,42.43476923076922,23.967,15.963,40.036,77.51274052067595,-7.422550000000001,-7.367999999999999,-23.25,15.918999999999999,32.404709013668466
1062,1,253.5746987179487,115.2235,102.935,133.287,707.1420678733692,268.4461833333333,132.95999999999998,84.606,191.464,419.5878489685855,583.2209750000002,207.34949999999998,164.27599999999998,334.17699999999996,1271.6593023693515,144.4578414634146,45.19799999999999,21.266,127.06099999999999,232.6447713122946,498.7760967741935,52.744,26.927,86.25999999999999,4393.145977475127,104.00261904761904,61.2405,37.055,116.457,163.71876720036536,210.15095833333325,143.27749999999997,134.03199999999998,156.465,263.50859991351547,203.20203669724773,59.586999999999996,30.342,114.669,515.2955684127444,1163.90356,188.50099999999998,153.44,270.359,6883.34860720576,127.1669655172414,123.957,114.655,132.942,45.6117559896013
1045,3,366.45335000000006,101.304,87.646,132.045,2290.6343732231007,368.94624999999996,128.67899999999997,69.916,256.49899999999997,729.7612273760876,864.1240816326534,183.75199999999998,129.14499999999998,203.727,4597.765307867181,78.55551162790697,44.079,16.448999999999998,86.703,127.83186147182184,84.14775903614456,62.196,27.701999999999998,111.54299999999999,104.02014446562043,55.94444999999998,55.6765,26.987,85.152,37.957582955086956,151.7912857142857,145.56599999999997,134.689,166.879,21.986181737555643,874.2793030303029,56.48,36.356,107.55999999999999,4546.520200067962,158.04982051282053,165.969,145.337,186.405,65.5790734460764,109.54202380952381,115.39349999999999,78.726,127.314,45.002850946810945
1037,2,143.48144680851064,115.6155,104.618,128.57,96.47907633984485,333.8309565217391,138.259,79.642,465.18699999999995,514.8985383705555,187.5869649122807,150.884,42.553,274.783,256.6413099869547,-58.84874999999999,-56.123,-111.106,-11.052999999999999,56.41035870109065,38.69513924050635,12.399999999999999,-30.358999999999998,57.589,126.87851488674109,-12.735666666666665,-23.567999999999998,-54.318,19.483,69.10912371701245,-86.35351428571428,-92.49799999999999,-112.47099999999999,-73.755,42.68196232558932,57.8350294117647,9.471,-25.083,42.007999999999996,217.463080560396,18.502000000000002,13.04,-17.72,45.227999999999994,64.41825961926479,-60.130153846153846,-74.66199999999999,-107.708,-25.843,87.49554409061385
1006,3,165.97067938931298,91.99199999999999,82.585,110.821,368.422942968274,176.34152500000002,17.915499999999998,-0.44899999999999995,88.429,524.5711168460646,104.0158205128205,12.107,-15.407,36.266,540.7355093763186,5.813312499999992,-44.939499999999995,-68.134,4.085999999999999,206.5413532187866,-15.450043478260865,-35.421499999999995,-60.647,-6.399,116.45539757882635,-12.684454545454548,-11.154499999999999,-26.956999999999997,4.051,42.451794656917315,-58.79536842105262,-67.874,-71.87599999999999,-38.723,34.53190243530132,-36.29143333333332,-29.560499999999998,-76.131,6.7589999999999995,47.310689830671706,21.404999999999998,20.082,-18.776,64.627,56.02514074998434,2.132965517241378,-20.051,-30.791999999999998,23.689,50.94232491923921
1052,2,249.42003030303033,101.485,80.077,236.402,308.35182738112695,207.98333333333335,74.074,48.87,225.201,300.63549440602253,270.4137999999999,89.585,42.748999999999995,422.20599999999996,345.67808889546427,25.282769230769226,18.971999999999998,15.979,29.496,28.347522017376424,225.53838,45.557,20.208,86.786,510.3718088519504,58.91166666666666,53.891999999999996,39.649,74.24499999999999,47.63494582519466,92.52777777777777,86.9995,75.258,98.26599999999999,38.76753542145276,134.4283846153846,34.288,19.983,75.331,321.7361251416917,285.63477272727266,56.9105,30.266,84.341,956.6043151764391,12.054718750000003,9.0705,1.9929999999999999,28.076999999999998,20.444173376475238
1012,3,86.58269117647058,73.44149999999999,64.86999999999999,82.871,68.1255287701801,104.62083333333334,76.576,54.321,115.71,87.792655815287,120.04931578947365,61.9465,49.948,76.377,207.51931916956616,39.12007142857143,27.086999999999996,12.35,36.58,47.09803381567215,39.282151515151504,37.577999999999996,18.593999999999998,54.056999999999995,28.75089078850559,66.96885,40.3195,31.741,48.51,123.84779519031672,76.35938888888889,69.333,52.674,96.466,27.5799337480305,70.90930303030304,60.084999999999994,37.577,77.76299999999999,78.26858343609398,104.09939393939393,77.12299999999999,63.192,129.731,72.44144378821568,35.968535714285714,34.3805,17.761,42.592,32.507097295117454
1004,1,100.02555882352941,75.8855,63.992999999999995,104.089,69.95958846584163,252.021606060606,56.08,15.888,112.288,818.7878032587234,348.92434285714285,16.014,-7.369,72.17099999999999,1308.1503106961402,-0.8285999999999991,4.0355,-23.319,15.626,32.97278263946605,10.291673076923079,7.8955,-15.299999999999999,23.982,40.06861069378674,106.34249999999997,99.5535,15.899999999999999,128.581,119.05889940007482,-37.37209090909089,-39.911,-55.604,-24.058,21.380441040474988,9.83456521739131,-3.1304999999999996,-15.507,23.857,54.52133119743223,17.613848484848486,0.6589999999999999,-15.245,31.968,56.58944935957652,85.03165625,72.0255,64.015,80.094,58.2331957871771
1062,2,228.12210169491524,128.623,111.05499999999999,195.72,445.9776596977003,501.9530263157894,178.9715,145.861,256.949,1311.1582070539355,497.5990153846152,210.482,169.44299999999998,331.815,1127.5019364467225,286.4919016393442,83.27,54.202,201.61599999999999,531.4944281733253,120.94131683168322,67.17999999999999,33.702,134.17499999999998,180.62214834520879,260.30825714285726,91.187,62.800999999999995,242.84099999999998,442.6925735885918,184.45597435897437,158.91299999999998,146.887,185.926,89.91621821670472,102.98645205479448,72.563,37.756,116.25,159.72051702218621,264.6818888888889,166.08249999999998,146.203,273.971,340.2859335620749,186.89196551724132,128.353,118.064,140.393,327.52269490610905
1043,2,220.06052173913042,100.1505,90.045,132.846,707.1295166330231,442.8176470588236,188.6505,96.759,407.251,856.3632344102052,475.26011363636377,214.14149999999998,154.32,378.202,1008.6298878762316,70.15433333333333,59.56399999999999,52.971999999999994,74.99799999999999,40.249773356819816,94.64919696969694,63.47749999999999,48.903,88.13,104.86004355523966,101.09506896551723,81.905,63.126,96.14699999999999,96.88732365814388,114.61852173913046,106.72699999999999,101.161,125.768,24.425130813587664,112.67876923076922,51.9445,37.915,75.085,380.83323338250455,134.46089130434783,82.5635,62.486999999999995,124.02499999999999,225.15834028466162,101.29839473684211,103.293,82.404,117.609,36.86973789594451
1056,3,127.17235294117646,93.20899999999999,81.785,120.821,122.85873040454898,639.6647222222222,497.7555,423.05699999999996,568.783,674.2707620848226,2660.6706875,523.0525,449.789,706.057,8019.471123481221,205.71566666666664,168.611,156.614,187.66799999999998,105.34031458088587,235.76118181818183,223.13199999999998,206.97,238.832,60.84830306889121,266.67066666666665,269.548,269.548,273.913,9.03155835575088,181.85299999999998,180.81,180.81,199.903,17.551757718245767,189.3539,186.689,168.201,211.73,28.02179308079977,309.22784999999993,183.5785,175.846,233.123,360.52924922590864,159.54582352941173,136.928,133.04,159.595,46.313359205572766
1047,2,124.29616393442623,88.271,77.209,111.446,123.30202647012476,216.78284000000002,146.613,75.63499999999999,275.908,194.474097682973,186.7827464788732,124.591,83.768,254.986,202.28777885744276,35.46285294117647,6.525499999999999,1.218,34.436,87.33111083066052,185.46725806451616,19.581,-3.149,63.845,920.9243474945475,36.595075,19.25,7.133,37.109,85.08618680095826,50.8492786885246,42.924,24.619999999999997,71.00999999999999,35.42816109826153,29.48575925925925,19.28,2.536,41.463,47.46818465628944,15.999957446808509,5.356999999999999,-19.733,37.042,65.68121225810164,44.18785074626867,21.141,0.73,52.772999999999996,68.12203972000361
1063,1,297.8631178571428,87.791,80.231,104.994,930.2996609286383,647.9937950819672,430.22999999999996,118.55699999999999,862.49,1039.6061154508673,529.3594056603773,196.2095,82.25,590.924,1159.1133805991196,59.26565656565657,36.978,17.586,64.209,142.32548348732652,107.3132156862745,25.235999999999997,10.789,56.471,309.22853021011355,118.7371648351648,49.105,36.021,66.279,486.6368514517955,197.97228070175439,120.643,106.321,143.509,288.22297713314896,295.3757424242424,45.48649999999999,28.563,67.247,2178.937736598309,59.66447154471544,34.125,-27.891,62.317,188.2542485812487,85.06963888888889,43.513,29.122,63.901999999999994,274.6885804261812
1008,1,87.9434,65.475,58.718999999999994,84.798,105.18121241071636,164.9417333333333,63.552,46.814,376.21999999999997,212.15263625326347,200.10694736842103,35.9945,13.338,90.66799999999999,475.8988747985623,96.73831578947369,16.541,7.619999999999999,53.553999999999995,319.5097909868339,-2.7070980392156847,0.506,-22.407999999999998,13.687999999999999,37.26794880765772,46.83633333333333,27.3065,8.301,38.562,94.52334070604935,0.9800588235294105,-43.753,-59.961999999999996,2.863,115.81863038684156,49.484172413793104,13.481,-11.716,49.678999999999995,104.99955990454333,94.52123076923075,80.592,55.294999999999995,134.543,67.69729282887886,19.855742857142857,11.757,2.057,30.901,34.28188020732789
1003,1,240.39456666666678,88.892,76.014,134.262,544.4035217142704,840.6161428571429,184.30149999999998,98.259,1092.029,1681.1789499647539,408.99854285714287,126.238,33.135,342.789,1061.5588478892544,27.25344444444444,32.0665,12.6,37.573,22.46189616484462,50.73157894736844,38.723,23.363999999999997,53.346999999999994,62.209632000211236,77.533125,37.99249999999999,20.957,45.28,151.31845344741222,52.62403571428572,47.858999999999995,37.839,55.251999999999995,30.77589310854044,328.79695000000004,40.5945,11.788,126.506,1008.7753646591532,47.182961538461534,36.584999999999994,26.18,55.474999999999994,39.169265284654855,20.298733333333324,20.7875,7.145,30.09,19.58705285594566
1047,1,316.735404494382,98.685,90.089,156.262,1118.430077949177,507.6846888888888,183.554,66.744,399.353,792.8562158011038,450.2357826086957,239.67499999999998,141.756,510.388,548.8225889057429,318.7525925925926,32.814,9.997,114.142,1229.840538956208,207.81903658536578,54.9465,17.325,141.03,526.2239022811592,67.25168292682925,22.576,7.194999999999999,43.403999999999996,180.29470031637632,70.43809090909092,54.6885,34.36,78.291,64.98434718321599,424.6456666666665,42.196999999999996,23.131,168.97,1306.4463473408873,42.82738636363636,20.518499999999996,6.161,43.637,87.323101283552,135.22088709677413,25.2665,-3.653,59.626999999999995,710.401566621558
1055,2,99.79374193548387,78.206,68.493,85.871,72.12091906108301,71.33895833333334,34.455999999999996,7.9959999999999996,80.097,106.23427210990636,321.535017857143,168.922,58.492,277.049,545.1718356843095,122.41408695652173,76.096,27.205,146.082,159.345570151483,76.43348076923077,63.7465,22.582,87.848,97.94510642191179,21.362070175438603,-1.4589999999999999,-17.145,26.97,88.32877186860698,121.03377272727272,54.772,26.823999999999998,88.704,220.90972112153304,130.62800000000004,60.244,32.655,98.506,213.28254743738964,94.14520588235291,67.31,30.346999999999998,105.773,111.87545311850799,8.437901960784313,-1.255,-15.594999999999999,14.882,54.233032583935376
1006,1,135.74903797468355,91.68249999999999,82.96799999999999,104.347,186.7920750277685,518.1466962025315,35.655,-7.512,106.82,2537.4448830398032,463.98834905660385,35.3345,-0.694,103.847,2334.4660855261877,-27.10657692307691,-33.9795,-50.971,-15.136,52.42285328820169,-22.592621848739483,-23.494999999999997,-55.129,-2.701,52.02459871696153,38.68869230769231,7.215,-22.948999999999998,31.794999999999998,182.5592571786558,-40.546810344827605,-62.574,-71.971,-44.175,125.01523955207078,-27.801973684210523,-39.7145,-61.735,-8.353,106.99045152909346,47.38070833333334,52.774,8.028,79.366,60.528230444983734,38.39413978494623,-1.128,-22.769,75.255,223.74552730096474
1009,3,243.30160869565228,88.0075,72.30499999999999,96.106,840.4244547066407,340.020375,275.868,112.164,551.914,253.9458344624682,527.7332380952381,320.037,153.034,504.02,742.5092058356519,43.12125,27.868499999999997,0.769,79.91199999999999,51.47630918546067,80.21942857142857,48.01649999999999,23.761,88.074,108.80273879737366,42.24809090909091,32.257,31.982,55.785999999999994,21.467656446172906,125.86647368421052,96.02799999999999,79.89,119.931,119.87649084387202,123.22366666666669,39.885,16.621,95.877,259.54614265277246,1249.2513913043476,102.75999999999999,63.83,231.86599999999999,5261.182971653764,161.21192857142856,103.693,15.959999999999999,151.915,221.07364025955218
1007,3,231.09200000000016,80.013,69.71,99.07,846.2336096412777,500.7203199999999,233.93099999999998,146.47299999999998,363.97499999999997,948.6448075477073,479.65813333333324,155.164,89.02,249.016,1093.057333536495,39.409749999999995,27.6,17.634999999999998,52.211,38.52032179304157,164.5587272727272,36.497,20.531,60.418,545.6696814236129,127.25563999999999,62.814,43.155,85.844,202.0675276615221,210.99910526315784,157.1,150.826,188.81,192.33913206593505,39.67955172413793,37.833999999999996,20.026999999999997,57.471999999999994,27.780139925064407,132.55707142857142,86.5455,68.05,176.798,86.87893146592778,92.83018750000001,61.317499999999995,31.038999999999998,115.75399999999999,105.61695794051667
1056,2,477.59700000000004,172.034,143.202,513.035,582.1232314982799,917.299125,467.6935,426.24399999999997,543.418,1219.8368898832266,3068.836652173913,478.68699999999995,394.64799999999997,655.651,12428.760137309244,279.0063333333333,181.37099999999998,159.363,188.96699999999998,262.8390876773595,271.2645238095238,216.112,208.19299999999998,250.106,223.45749123213994,230.002,232.69799999999998,221.73399999999998,249.319,32.481432562824764,200.31274999999997,139.0195,137.482,140.557,126.10993926828289,223.1625,186.38049999999998,173.905,200.152,104.83385407354365,327.43152173913046,226.66199999999998,189.409,268.764,381.2842808653251,157.51563157894736,130.946,125.79199999999999,156.69,53.16554969590585
1049,1,196.11705319148936,96.6175,83.22099999999999,167.844,284.0166809171817,414.4357142857143,90.746,56.296,256.108,1107.341898178838,450.58973529411765,87.4065,53.753,209.39399999999998,1290.1115568369105,95.5704328358209,35.321,11.674999999999999,63.076,295.8798882330373,311.3080084033613,38.144,2.3089999999999997,79.83,1012.5749002413206,89.14774324324321,56.361999999999995,30.645,99.723,101.71405325689696,-36.2198775510204,-59.214,-75.711,-50.495999999999995,77.27548439933172,222.43049484536095,44.373,17.16,113.98899999999999,606.5627098928045,320.3372195121949,61.29899999999999,32.501,92.75699999999999,1608.405238431089,40.083573333333334,14.988,0.5519999999999999,38.738,147.96515792679702
1041,3,135.06353488372093,85.71,75.493,103.684,141.6433449243202,2732.1704999999997,324.114,90.34599999999999,1352.018,11111.18959440204,1018.6543584905658,466.063,195.351,1592.697,1196.536605955627,175.7132,73.4075,54.348,146.555,361.2175987567795,94.54523529411766,61.763,34.923,104.70899999999999,120.84212096721183,117.66590625,87.613,62.119,108.074,101.37498988420757,167.25205555555556,152.7105,144.628,170.968,52.35797258070099,96.42005882352943,68.375,47.537,121.071,105.24891615164724,151.19965217391305,142.614,137.74099999999999,153.447,26.450446692582606,139.96775675675676,114.955,103.904,129.15699999999998,103.24843728099212
1047,3,154.6281875,83.77699999999999,78.39,111.764,193.03350027020556,289.22025714285706,119.291,67.307,328.515,396.01078096950715,232.8854821428572,152.2665,74.794,270.656,244.31342133348386,29.794541666666664,16.5445,0.9279999999999999,32.984,57.394432252296085,67.31250000000001,24.003999999999998,-11.234,50.125,229.57694070241462,38.87469696969698,20.782,7.329,38.229,93.32866403719599,50.751711111111106,44.614999999999995,36.541,61.925,28.208854977102344,22.57885714285714,11.308499999999999,-3.8129999999999997,27.554,52.46860620319472,47.62881250000001,7.1434999999999995,-20.282,34.317,153.89932985505385,51.514192307692284,23.491999999999997,6.633,57.774,82.07751851111658
1001,2,156.89510526315792,87.997,79.99199999999999,96.14,213.97194189047676,57.84496153846154,32.003,16.006999999999998,56.046,101.79795430876533,61.39137931034482,39.852,24.043,56.196999999999996,104.5551139592362,75.6822558139535,-7.388999999999999,-24.697,23.936999999999998,336.30411506254933,-2.727129032258064,-7.484,-31.413,15.992999999999999,40.736179814707874,43.116025,-2.482,-16.006,7.991,289.6660506029701,-31.060759259259253,-39.9505,-47.882999999999996,-25.66,49.036096223371445,1.7583066666666662,-7.334,-16.404999999999998,15.953,43.723535296337715,10.523968253968256,7.677,-15.258999999999999,23.764,48.8542830403443,-2.757444444444444,-7.659,-31.599,7.7299999999999995,50.415166699605216
1055,3,207.91521126760557,79.068,70.333,102.164,703.7348278886814,1170.8217428571431,41.972,11.633,150.535,6249.69037376354,127.00181818181822,71.05199999999999,30.383,145.089,150.8201606708414,126.96010526315786,96.009,41.62,129.512,158.47278330359538,126.02221333333327,60.111,27.869,145.613,217.30933713234643,73.23751219512195,-0.7979999999999999,-24.849999999999998,63.723,233.43591699309275,72.293,59.129999999999995,40.132999999999996,100.645,46.24254574117865,86.22280952380952,62.1635,24.929,114.717,102.99291079255799,185.27958333333333,67.55199999999999,27.328,131.25799999999998,308.39960562385494,6.552749999999999,-1.184,-8.235,15.469,31.496519150421317
1053,2,103.95304761904758,82.744,75.195,91.26299999999999,87.00533750333938,60.71337837837838,16.294999999999998,-6.742999999999999,106.707,146.3147143776333,64.26903703703704,15.1845,-6.721,54.327999999999996,147.6819268468764,65.72616666666667,2.0189999999999997,-25.421,45.431,191.48739467816173,20.339812500000008,-5.2379999999999995,-19.195999999999998,22.73,121.27426848694513,44.83202631578949,12.512,-11.463,34.214999999999996,133.1295344829536,67.80717500000003,70.6175,45.107,82.55799999999999,30.03393064509257,19.12814814814815,1.9649999999999999,-13.142,18.157,66.10593121404274,81.74537209302322,10.783,-1.4689999999999999,51.611,192.7992034725968,2.4580166666666674,0.1369999999999999,-10.256,14.168999999999999,21.07827867372417
1042,2,147.31465015479873,79.49199999999999,63.523999999999994,120.928,238.21651708075427,199.5584615384615,67.448,33.615,279.43399999999997,363.2117254320236,260.40145312500016,74.136,35.994,170.57,588.0527803258126,11.079421052631579,-15.780000000000001,-37.421,46.535,72.40651182177126,7.235127906976746,-0.33899999999999997,-36.53,35.878,73.33106888381126,-11.763537037037043,-23.139499999999998,-53.588,11.911,91.71901720970246,-79.69019354838709,-83.815,-97.75099999999999,-69.952,48.91054746331604,-15.98046296296296,-23.098,-44.513,4.777,51.88136418563753,33.160842105263164,7.3605,-10.497,34.73,146.2736634349057,-15.573605263157896,-14.6005,-36.186,-1.48,26.903954185746972
1009,2,94.97167500000002,87.7835,79.866,89.03,49.122612768974754,295.084125,136.0555,104.31899999999999,264.018,442.36249583779056,477.7444642857142,251.67999999999998,88.16,599.948,600.1453296414796,70.71208333333334,35.823499999999996,7.991,72.17,120.00210345691167,106.21242307692306,60.201499999999996,32.106,112.03099999999999,142.24610519889058,93.72385714285713,52.03699999999999,15.988,111.847,127.0416973037757,114.89945454545455,96.72999999999999,88.041,127.90899999999999,52.37245959349941,294.7708571428571,63.781,40.302,144.058,658.0722161495869,75.22764705882354,56.032999999999994,39.951,79.922,62.42366405352738,93.34919047619049,87.987,24.157999999999998,104.14,88.86903327347441
1037,3,145.033536231884,111.79899999999999,102.03099999999999,125.23599999999999,107.40233224923875,451.6021304347826,110.455,27.480999999999998,237.938,1331.3795410847454,455.2177903225805,161.04749999999999,44.37,348.219,1792.6075329019434,59.674416666666666,-22.7305,-40.379999999999995,16.340999999999998,267.3956571992006,49.597101123595486,18.557,-32.818999999999996,75.262,127.89895751388039,-24.89222222222222,-24.026,-60.171,10.369,54.60342625367959,-39.768,-67.636,-100.386,-56.964,171.48955144981034,78.61894736842103,46.8305,-15.850999999999999,75.154,144.9127619207869,38.55608333333333,12.588,1.304,31.221999999999998,139.17446907684408,-74.32246511627908,-73.97999999999999,-106.988,-35.071,59.42393048754045
1041,1,259.083,97.87,86.02199999999999,115.51299999999999,524.1709520478688,949.1581555555558,329.84299999999996,134.29999999999998,957.425,1700.673329602906,1321.0940740740743,503.74949999999995,207.803,1051.906,3874.354034915419,144.94112500000003,80.0595,52.686,116.223,246.0085502574866,170.67484210526314,60.663999999999994,35.312,103.695,300.5501339680994,155.12892857142856,114.342,76.301,182.495,121.53738694584615,217.55666666666667,148.35399999999998,120.015,155.945,188.3171174563237,81.20572,54.153999999999996,21.076,127.08399999999999,89.06459231001156,207.25621739130435,151.795,134.272,179.78199999999998,277.6572355599872,138.64617073170731,120.327,110.00099999999999,136.566,81.27549765116866
1057,2,138.1156403712297,91.347,79.277,107.42099999999999,251.5039438640113,299.3831126760563,75.8945,16.39,283.289,758.8504141615368,361.8115351351351,100.335,18.101,289.565,1584.9808355498342,34.401866141732285,10.754,-14.780999999999999,41.089999999999996,121.3427175900911,22.430942857142853,2.7459999999999996,-31.372999999999998,39.598,198.57867927475417,-23.910615999999997,-56.797,-110.884,-16.301,419.8955155629019,-36.613257142857144,-35.918,-73.838,-19.363,60.52080607463541,49.41917582417582,3.477,-23.311,39.602,262.5854286096901,120.27359235668789,15.286,-12.033,54.006,1169.0634097308734,-10.1164125,-18.713499999999996,-53.535999999999994,16.64,87.86109888862548
1046,2,227.84602857142863,129.268,96.225,284.255,219.25522886708535,413.1407727272727,226.47899999999998,135.796,716.0709999999999,395.9680331743883,1196.5184,314.851,257.041,738.549,1880.8583430082529,122.46011764705884,47.07,5.5649999999999995,124.835,213.1656162555544,130.87708823529408,58.0865,13.245,107.22,230.0220693893164,91.24093333333333,82.014,59.605,105.267,59.1217295035864,357.46581249999997,230.2715,206.762,247.22899999999998,518.0776185147315,397.3976666666666,89.476,45.434,158.152,1188.8458620989006,318.50383333333326,222.5195,202.88299999999998,263.95099999999996,377.2819468150838,161.1446,161.488,142.128,180.082,27.94658831413952
1004,3,98.51047499999997,87.679,72.045,96.51299999999999,71.06838205955908,359.141,27.8055,15.934,39.879,1081.0991615389319,257.5901111111111,0.34799999999999986,-21.974999999999998,48.111,894.7066514968427,13.388124999999999,11.660499999999999,0.875,24.118,44.55890187617637,17.84474074074074,0.721,-7.436999999999999,15.661,68.92411093290748,36.224545454545456,7.468,-13.85,126.396,86.54723271296851,-36.435399999999994,-40.303,-43.394,-31.793999999999997,24.064953019454897,-0.8629333333333339,-7.4399999999999995,-15.354,16.328,33.39620904804844,-2.2221153846153854,-7.426,-15.363,16.112,29.342817004952913,122.75341666666668,84.36149999999999,72.215,95.353,104.41742445976439
1008,3,82.10937037037036,63.507,59.637,77.192,58.80021002196148,102.9351176470588,39.672999999999995,16.596,118.91199999999999,132.23137708240918,65.24937142857142,36.78,17.967,65.756,103.01843171093954,22.853631578947365,12.429,4.068,34.424,42.83635323104084,19.03596,-3.771,-32.137,11.777999999999999,132.66575035810862,22.85436363636364,18.676,6.88,44.617,31.65201382376115,-21.168285714285712,-55.457499999999996,-63.101,-40.397999999999996,97.32036185903557,48.181,18.618,-4.058,36.85,117.79184782789373,84.05681818181819,73.985,45.717,109.10499999999999,72.82055692566239,71.68686666666665,-1.9844999999999997,-15.094999999999999,26.482,304.904093948124
1041,2,288.75992982456137,100.756,87.973,142.406,448.9349263515601,1028.7257872340422,233.951,116.49199999999999,666.5889999999999,2050.047453989328,806.8917407407408,470.24749999999995,203.06199999999998,1156.186,817.4619204781918,146.7823703703704,59.751,39.330999999999996,118.556,319.3510253139769,78.35300000000005,55.8125,39.972,96.95299999999999,75.0213390617322,166.559935483871,98.625,75.965,199.79,163.70127096919265,181.08555555555552,149.148,127.71799999999999,167.367,128.4746237672786,168.05570212765952,57.217,38.827999999999996,110.321,362.0139068550745,276.0440454545455,142.9225,136.83599999999998,164.908,413.6997673109003,123.01365789473682,118.16299999999998,108.365,131.99699999999999,35.11395769012068
1042,1,128.42592879256966,77.563,62.839,125.74799999999999,199.42102183805974,434.0801041666666,79.2175,44.29,260.22499999999997,1357.3214557741198,197.6912909090909,91.02199999999999,44.217,210.01899999999998,407.1111875723639,23.54830303030303,6.68,-36.917,45.653,91.74997090615507,8.81871568627451,-4.404999999999999,-35.448,33.114,71.57111893170448,-36.522714285714294,-29.694,-61.596,-14.975,35.062866888157714,-72.6687857142857,-71.704,-88.831,-56.519,26.117172468132125,-15.408142857142856,-22.895999999999997,-36.809,8.235999999999999,32.142878958643394,18.416157142857145,11.974,-19.047,39.995999999999995,63.073345084388606,-20.129586206896548,-31.6695,-47.373999999999995,6.22,37.628717702454786
1036,1,121.07291919191913,82.002,74.506,90.33699999999999,150.95587877850045,258.16766666666666,64.195,24.483,194.004,462.54059278320904,629.2426956521739,146.47899999999998,64.859,921.04,1046.7802370257887,32.06936842105263,23.163,11.077,31.522,41.3481600547386,19.159481481481482,16.502,5.992999999999999,34.705,21.544191777279142,27.199842105263155,34.306999999999995,3.2079999999999997,48.71,29.679818763041958,12.724285714285712,-13.017499999999998,-22.744999999999997,56.796,43.7555311816576,50.83318750000001,29.251999999999995,17.509,46.528999999999996,103.30776459506403,36.72963636363637,25.409,10.253,31.622,40.80287395827095,32.272611111111104,21.1925,14.553999999999998,44.699,28.973533986440085
1050,3,135.17189473684212,107.88499999999999,94.901,123.58,82.20771550157748,631.8515294117647,144.676,102.898,640.2379999999999,1253.581414536822,1010.8687499999997,111.7605,66.256,191.18699999999998,5138.187005686308,130.94357142857146,52.238,26.933999999999997,127.943,269.2375369220591,60.617096153846134,51.064499999999995,30.782,84.77799999999999,51.280642410654295,133.34885185185186,94.898,82.26899999999999,123.69699999999999,131.31108270752839,225.66607692307693,182.511,160.81099999999998,215.36599999999999,139.9585979670783,81.40607142857142,73.5745,53.693,92.97399999999999,38.65563393600608,150.1745925925926,135.275,65.887,225.707,118.29457472450167,90.35034374999998,57.983,38.274,75.083,131.5068625874243
1054,2,185.88428244274806,95.006,83.667,118.31899999999999,419.5346200811134,319.96429411764706,131.448,77.469,384.59799999999996,492.49706474212394,372.58837362637365,94.66199999999999,35.254999999999995,496.14099999999996,581.5633990814691,2.9797586206896565,-2.9989999999999997,-14.78,17.74,30.51659446064337,36.0348969072165,8.843,-2.6799999999999997,31.383,116.10685659721,58.87650847457627,46.995,29.04,64.78099999999999,74.60800635652728,62.175999999999995,28.206999999999997,4.872,74.271,154.14808698379846,-2.7688703703703705,1.1814999999999998,-29.168,11.234,29.59076388988045,60.69119642857142,11.038,0.8049999999999999,51.022,139.7390080296342,20.98125,18.6015,7.526999999999999,29.878999999999998,29.07712226690645
1063,2,302.79620108695656,86.32249999999999,77.851,109.526,1237.8669414374747,802.0160576923075,248.57,102.829,781.4989999999999,2047.921871713529,615.6390392156864,343.801,101.847,727.703,884.4313207986917,281.0706486486486,50.378,31.174999999999997,88.768,926.4609239461633,212.7760428571429,42.598,17.986,89.967,674.2052415079514,67.99016666666667,59.352000000000004,49.269,77.959,33.340627363928306,164.20409677419357,120.80449999999999,106.71799999999999,137.253,130.0995776428307,148.87379310344824,50.369,31.506,75.593,350.82605038813597,61.798365079365084,18.871,-52.244,46.519,265.921975967018,60.39003846153847,40.925,31.025,66.816,76.119672346353
1012,2,81.36078350515461,75.565,67.721,82.839,28.098281793267923,128.01405555555556,73.1645,61.461999999999996,140.83599999999998,130.6389533397394,148.7752340425532,62.522,34.025,85.5,295.5214713979056,40.5975,42.68599999999999,14.754,53.742,27.887703020028976,129.47043589743595,49.830999999999996,41.809,73.185,311.0836840674695,28.115677419354842,32.421,14.833,40.738,25.283807042436067,75.13634782608696,69.817,59.977,82.353,28.679481700351396,129.36226666666667,65.07,47.854,82.069,199.7539599420926,118.94926315789476,69.80850000000001,49.256,141.89499999999998,134.69266252988072,33.77294444444445,34.035,18.011,44.559999999999995,24.19691248420455
1058,2,335.22107894736837,111.03,92.695,187.932,743.0485162431561,1149.223,577.137,68.911,1135.8419999999999,2168.998031438163,618.3703235294118,162.4645,75.324,587.425,1273.9824382593808,83.82723076923077,41.342,7.074,118.44,130.88876544108857,65.84099999999998,41.477999999999994,8.578999999999999,68.86099999999999,125.34961937941455,150.1606,117.49499999999999,65.282,200.239,124.18523918659407,200.44771999999998,173.31099999999998,158.088,211.926,73.65791568715929,74.7050588235294,51.049,35.11,112.16799999999999,71.86909366555851,102.34258333333334,71.11,30.083,173.07,96.23592022819061,80.61435714285713,58.431,24.229,72.883,120.4075910662872
1052,1,180.28546250000002,108.429,88.2,205.54299999999998,194.47915700080924,244.5504864864865,127.443,76.368,451.727,207.8273177650701,312.6812162162161,165.477,71.673,342.00399999999996,436.9809397364049,508.10316666666654,122.62,46.565999999999995,1193.384,604.918955109472,250.0138476190476,63.745,29.384999999999998,210.51899999999998,391.4022238489695,60.88425423728814,57.443999999999996,35.046,80.689,44.658125100626584,158.64224999999996,87.2515,77.12299999999999,114.762,237.20547443990003,229.2848533333333,41.549,21.343999999999998,108.911,454.01245008666274,227.04391999999996,50.31099999999999,40.101,157.215,472.68109691577854,26.44478125,20.973499999999998,7.268,43.876,39.96598995076989
1009,1,189.85667105263164,95.984,79.89099999999999,119.981,450.43888498199584,326.58975,296.1375,118.255,440.001,248.0881276717189,1206.8264,260.05899999999997,136.024,656.014,2801.2120681526494,78.32613333333333,56.031,16.069,72.175,104.01517335800214,61.15925641025642,47.925,24.049999999999997,80.02,64.78501027638623,90.33250000000001,63.878499999999995,15.83,80.033,135.09523962272775,126.6133913043478,88.018,79.833,120.098,116.4744481130905,270.0632631578947,32.595,15.84,95.975,830.6662170477543,160.41166666666666,60.53699999999999,48.227999999999994,135.852,274.013755943233,90.7558823529412,96.01899999999999,23.996,112.08399999999999,85.58874094608059
1048,2,152.2129411764706,82.951,66.902,113.542,149.17405695339195,290.00661538461543,101.286,49.169999999999995,557.617,352.38224928666045,228.75309090909093,130.42499999999998,43.943999999999996,185.659,329.85091444207444,135.20822727272724,-3.4269999999999996,-14.93,19.458,467.5498558003691,83.87307142857142,10.754999999999999,1.3159999999999998,32.919,337.6688728649308,97.49128571428571,98.663,69.945,111.03999999999999,41.73075591513623,114.63247619047618,108.88499999999999,97.158,133.85399999999998,24.478881609704,184.30112499999996,21.881,1.19,89.035,370.886211877648,57.351825,31.1965,-6.1819999999999995,57.961,130.16331782938389,37.200966666666666,36.854,18.801,50.729,30.881185568276013
1002,1,78.48382653061226,64.01299999999999,56.032999999999994,72.146,61.85839405557299,57.79194444444444,28.0265,-0.59,64.273,91.31263562194114,46.84421052631578,31.915999999999997,7.657,63.171,92.31597731698777,28.97533333333334,23.9535,-7.593999999999999,39.939,59.050829665457385,10.644986842105263,15.889,-7.487,39.942,40.02899836884702,4.3014,7.961499999999999,-15.863,23.858,35.531962550105064,-42.993379310344814,-40.114999999999995,-55.951,-32.612,25.1586154050851,30.43954901960783,15.959999999999999,-7.455,39.838,92.93508743253297,32.58565957446808,23.983999999999998,0.732,48.059999999999995,48.10286719027327,27.04530434782608,7.76,-7.465,39.777,66.85389209175801
1048,3,112.24164999999998,78.53399999999999,67.87899999999999,89.752,93.09838265160538,176.54188000000002,77.917,23.506,181.914,244.79168301883408,257.73428125,105.71499999999999,36.409,416.62,318.0989120592924,138.37087999999997,0.95,-12.151,16.529,418.114756902767,65.59032432432431,19.275,-3.251,37.771,206.664874723959,85.50195652173912,85.956,69.429,110.04899999999999,36.88144073487154,99.04285714285713,97.088,81.67699999999999,118.714,27.92194183663757,149.00306666666663,33.012,0.999,57.516,380.23369819488767,69.19999999999997,40.562999999999995,3.2439999999999998,71.03699999999999,228.55603412884525,54.162296296296304,47.507999999999996,27.601,68.353,38.759231724955946
1046,1,195.80613043478257,131.31349999999998,105.60799999999999,192.87,168.49970208290296,1478.31021875,274.43999999999994,126.952,925.155,5476.198589243418,796.3313076923077,445.609,236.789,692.539,1187.352256325994,368.526,7.570499999999999,-18.904,74.609,876.7079458901673,331.8196785714285,60.0975,7.112,126.976,914.2675382329558,132.33179310344826,82.33,52.741,117.48599999999999,187.03501011811727,190.45539130434784,180.64,167.40099999999998,201.039,37.833946567670885,338.7458421052632,46.07,14.487,406.407,569.862573203472,391.55488235294115,217.8895,201.339,314.519,411.40759283426297,227.89178125000004,167.1025,156.495,199.452,172.00692987741462
1064,1,483.6715951417003,93.03399999999999,79.64399999999999,114.13499999999999,2699.4888958777906,1021.5429655172414,232.48399999999998,53.992999999999995,1008.636,3583.527470702592,1100.194022727273,695.4269999999999,244.72299999999998,1185.0729999999999,1656.4782100969348,297.12974747474755,37.824,9.814,142.641,917.6351966675031,259.35120903954805,87.11399999999999,44.15,162.78799999999998,568.6563956629841,12.72855670103093,-25.616999999999997,-46.541,1.397,181.2240742083867,157.82531707317074,134.53,123.75999999999999,143.24099999999999,168.3113592509146,353.05954545454546,99.539,63.15,197.13,1089.2025167015236,360.31233695652185,158.5235,142.759,194.14,663.286715915213,84.97440944881886,82.865,74.279,95.816,16.262318655018735
1049,2,267.1061917808219,99.231,79.969,179.021,619.0470256768924,395.52325714285706,122.72,66.333,536.922,541.3174402671441,307.9851538461538,93.61999999999999,46.044999999999995,171.057,685.6660346845072,49.99839024390242,23.66,0.9339999999999999,64.797,98.7038347904675,139.48898181818183,16.253999999999998,-14.488,80.93299999999999,568.0091697422149,172.4740285714286,71.277,37.305,120.458,262.2274305111865,-41.94457142857144,-60.72,-78.342,-33.391999999999996,71.25270084882467,230.91374,68.5055,33.263999999999996,111.91199999999999,554.757081266291,90.57462264150942,52.675999999999995,32.336,87.356,197.47087175388543,7.872697674418606,9.113,-11.692,30.637999999999998,30.537194186555112
1012,1,103.4234537037037,74.913,67.338,81.672,117.75138335805721,592.3210833333334,77.56700000000001,64.74499999999999,254.06199999999998,1476.873281072165,335.8879347826087,61.281499999999994,44.583,114.997,1074.0520180742417,43.9615625,44.962999999999994,29.211,60.339,33.19281452758263,45.01378125,52.1915,32.931999999999995,57.166,22.704697794032555,25.653181818181814,25.3585,14.42,40.602,17.87113355755685,81.20741666666666,80.1595,67.447,89.705,23.026066478472053,201.78524390243902,56.223,36.986,74.48899999999999,539.2039345094664,339.0111666666666,66.62549999999999,39.613,137.41299999999998,965.3921665388038,78.3896875,32.0685,23.227,41.236,252.95211921836213
1001,1,150.4372903225806,95.87899999999999,80.018,104.056,290.71315382519396,96.00960810810811,39.951499999999996,16.169999999999998,71.838,219.9404484708455,245.40613333333337,39.915,16.032,56.101,1029.8351409678774,287.2763555555555,0.6789999999999999,-15.555,31.953999999999997,1746.9933190230677,8.6000101010101,-7.427,-23.958,15.847,124.673213385667,6.5767799999999985,7.964499999999999,-7.571,16.311999999999998,25.904858036464663,-30.381517857142857,-35.946,-48.007999999999996,-23.974,38.71903461559071,16.39358333333333,11.814499999999999,-15.314,23.929,69.29513121643409,43.3377076923077,7.366,-23.919999999999998,15.843,358.477991525662,-3.825466666666666,-7.412999999999999,-15.905999999999999,7.936,30.785413975533025
1013,3,188.0314310344827,100.46699999999998,86.774,132.035,409.66814961801384,250.99768571428572,128.013,66.80499999999999,282.303,584.1977478499277,117.22551162790695,102.64099999999999,78.819,141.986,73.31288643347904,110.27128571428572,66.853,60.89,99.743,116.89905568187574,55.56439344262295,35.418,15.636999999999999,53.446999999999996,102.24769800363539,41.24346874999999,-5.093999999999999,-12.126999999999999,44.138,129.54467827318194,123.32234285714283,120.586,109.643,138.84099999999998,18.93735860198481,42.62502564102565,34.283,21.962,54.57,51.7082327551157,72.81060465116279,61.962999999999994,52.397999999999996,75.347,64.58356131885026,74.23013157894738,93.535,19.192999999999998,123.73299999999999,55.98796980634566
1049,3,128.00448717948717,89.029,81.35799999999999,113.33099999999999,116.05678002300876,459.72119607843143,134.31199999999998,67.328,291.679,993.6103800898621,264.9779841269841,103.24499999999999,60.333999999999996,199.44199999999998,548.9853689260935,181.647,12.251,-3.9539999999999997,73.27799999999999,474.6258620862899,426.38449999999995,20.5505,-5.138,156.804,1464.7485108004555,77.83058695652176,47.21549999999999,24.404999999999998,85.441,102.02233697002633,-48.122928571428574,-60.5905,-69.06099999999999,-52.155,55.503230537896236,426.09407407407394,48.839,8.524,265.621,908.5542022914364,208.7406,42.756,22.009,96.16,550.9692940855157,28.32266666666666,16.4925,-2.199,36.64,65.8224350763164
1046,3,3845.3675624999996,119.88499999999999,93.60799999999999,311.344,14943.797155524298,926.2215,579.654,428.01399999999995,1451.494,700.9761504025416,924.537,451.18649999999997,258.002,643.762,1352.458119382163,348.7843333333333,54.8125,26.003,168.837,699.720040539548,85.77472727272726,46.5605,5.8069999999999995,60.485,218.76833405599712,101.922,100.149,45.861999999999995,127.58699999999999,81.41283467918312,201.1548,205.477,184.221,225.74699999999999,25.91885812685428,128.74247058823528,75.16199999999999,37.681999999999995,180.41,136.9026946023697,335.25686363636373,251.94549999999998,191.613,327.457,277.73268602814665,150.89352631578947,153.283,131.88899999999998,175.86599999999999,36.59315560983201
1002,2,90.45519607843134,64.408,55.988,80.202,90.99488978289264,220.6445151515151,16.794999999999998,-15.225999999999999,64.067,735.3362724917561,62.42156666666666,15.950999999999999,-7.454,87.90599999999999,128.9469047130702,28.983379310344823,31.891,-7.441999999999999,47.977999999999994,58.03047847985561,15.198212765957452,7.614999999999999,-15.417,39.849,54.78695516624855,7.030058823529411,-7.316999999999999,-13.378,8.123999999999999,32.99373218406525,-32.02781481481481,-40.797999999999995,-55.973,-31.99,46.65554671702377,15.659249999999998,15.876999999999999,0.5609999999999999,24.058,40.97746639231534,19.213652173913044,31.965999999999998,15.912999999999998,48.01,49.0134668401624,23.49704347826087,15.905999999999999,7.521,39.925999999999995,69.8137980452147
1039,2,226.00504166666664,104.708,95.46799999999999,124.14099999999999,515.7144914678352,802.0583499999999,289.6565,186.881,1025.539,1196.175243932764,2421.8253333333337,328.55,255.94299999999998,1894.9009999999998,6428.276100314407,171.34849999999997,76.2935,11.141,174.17,241.87698586485376,125.97503125000003,96.983,48.104,123.044,132.7663867231278,206.3674545454546,109.3,85.8,150.007,304.57525037545764,201.4150833333333,177.5005,170.968,185.12099999999998,60.418724434277415,119.98742857142855,72.618,45.516999999999996,161.295,124.01137870830422,233.6802083333333,201.591,189.172,229.828,138.26787104400523,135.9151111111111,73.78899999999999,48.296,153.379,189.5632337617773
1051,1,209.27325000000005,105.39599999999999,94.467,128.74599999999998,362.37295656329314,979.6005714285714,573.2955,264.286,1155.4869999999999,1129.2297895562888,1574.1295000000002,1037.9615,493.426,1785.6899999999998,1621.6605335417182,4.391727272727272,0.833,-11.341,21.044999999999998,30.324011967715975,38.005606060606056,3.8209999999999997,-2.617,37.899,108.72336917980748,75.22542307692308,51.9795,30.497,70.395,137.531921092428,168.62314285714288,168.607,164.441,182.887,29.341814301031057,37.1790625,16.191499999999998,0.9289999999999999,46.683,93.48107980380999,44.89479310344828,26.441,6.327999999999999,86.583,60.41227826265316,115.2892,99.48949999999999,64.399,113.107,147.11283667434466
1029,3,201.62833333333333,106.606,83.959,414.32,165.0612745724044,76.35399999999998,83.692,21.31,90.05499999999999,58.9215549956984,222.24472222222224,96.447,29.700999999999997,432.731,255.7094556883552,180.3585,26.1435,9.113,43.174,328.73886775328884,5.5485384615384605,0.65,-19.947,46.702,47.524519988091,70.57336363636364,70.942,41.870999999999995,91.499,28.75534883335861,120.99699999999999,122.41649999999998,114.56599999999999,130.267,13.013198640501223,4.362363636363636,2.832,-15.149999999999999,17.105999999999998,25.29876203360355,44.257777777777775,51.333,28.200999999999997,60.086999999999996,41.88788324248371,86.171,28.467,13.673,107.095,149.57762781340566
1006,2,124.40706486486485,92.38,81.047,106.193,141.21819266327807,249.3688461538461,23.026999999999997,-11.049999999999999,132.614,1005.3673705933132,1414.8211818181821,27.153999999999996,-16.397,91.28699999999999,8591.68739807416,-45.70577777777777,-49.141999999999996,-60.404999999999994,-23.656,31.797574822053686,2.511256097560978,-30.688499999999998,-58.803999999999995,1.1239999999999999,161.89154551056023,-14.70940625,-24.488,-36.644,-1.058,39.51948146360498,-60.252818181818164,-62.345,-67.732,-46.601,25.08682387909855,2.7302799999999987,-28.34,-48.562,-7.588,168.11972495280176,40.01456097560976,40.757999999999996,-14.785,58.406,84.83200002742149,10.886411764705885,-2.259,-30.968999999999998,76.146,57.23961546138355
1008,2,85.76809375,69.08599999999998,59.61,78.34,63.284020824167065,139.47299999999998,50.416999999999994,24.237,87.03999999999999,335.082566298405,39.974026315789466,42.433,16.192,58.522999999999996,33.14256569810706,18.844499999999996,5.0145,-15.0,30.154,60.69230214707434,26.101106382978706,-4.006,-22.509,12.757,135.32015108498197,47.73404761904762,28.273999999999997,16.590999999999998,54.202,87.11157137342673,-54.228333333333325,-56.934,-61.275,-51.888999999999996,27.110240285783917,25.399378378378373,14.944999999999999,-26.637,46.041,70.81522813607228,50.61116666666666,41.6695,30.709,55.547999999999995,39.78290490063958,8.91448275862069,7.478,-7.7299999999999995,13.776,43.860388999496934
1064,2,962.0177537313432,101.35499999999999,90.41,127.856,8883.614943805285,675.1076607142857,244.468,62.062,775.665,1211.1924036871083,1637.7458333333334,536.93,218.53,1747.7089999999998,3604.1913488769273,482.39370212765937,82.077,37.400999999999996,167.892,1536.738455331572,510.96402777777774,99.50049999999999,49.940999999999995,210.856,1375.7731563502343,-12.606896551724143,-26.019,-46.964,-7.675,66.4058270433427,173.41644736842107,136.7395,131.906,152.096,117.92135329330384,477.53776388888883,119.4275,72.17399999999999,216.33499999999998,1279.1342281030675,431.29926666666654,182.481,163.863,220.62099999999998,600.7286602636834,84.14927272727274,81.06099999999999,75.79299999999999,91.31,14.038836887080262
1050,1,273.5503137254902,103.705,80.508,203.85299999999998,811.7665262186041,408.8967857142857,260.9355,75.26299999999999,378.67699999999996,620.7133136198632,1240.2187045454546,145.373,83.589,297.186,6412.910410839247,63.20964705882352,49.348,31.88,92.571,45.82755222153641,52.15058695652174,54.7485,31.398,71.814,26.776714953752123,113.44578571428572,108.0385,84.777,125.011,54.246461173096186,195.0520714285714,186.34349999999998,164.029,208.67999999999998,43.52494811990773,666.7585294117646,76.324,48.46,100.731,2466.6807269001974,1541.8921538461536,158.0215,64.571,228.88799999999998,6979.336194864865,72.07715624999999,72.0455,40.363,82.416,45.575161192084394
1053,3,109.06774545454545,80.09,70.99799999999999,100.145,107.99675044291983,80.13885714285713,10.399,-15.844,66.87599999999999,180.8213542558748,64.94148717948717,31.423,9.336,66.161,107.45225238311097,37.92299999999999,-4.832,-31.366,19.538999999999998,176.29064200499505,-9.821214285714285,-15.544,-35.881,11.219999999999999,35.74218805696292,4.100592592592593,-7.38,-15.86,16.48,42.94604678973487,90.93081481481482,73.545,47.637,90.017,98.88680303801803,20.233027777777775,-8.105,-31.724999999999998,15.915999999999999,119.3275115593301,-2.6719999999999997,-7.178999999999999,-16.27,11.065,23.506810866214924,-3.3652894736842094,-5.8675,-14.838,3.754,15.479039590480735
1042,3,117.53315384615385,75.002,62.318,105.91799999999999,131.55418060560166,1486.793511111111,77.451,28.325999999999997,293.10699999999997,7790.411401139151,859.5019811320753,96.545,33.815999999999995,215.63899999999998,4414.909765694196,1.0887599999999995,-2.497,-23.785,13.565,60.98515003211847,2.181068965517241,-7.606,-31.747999999999998,25.226,58.33274397394718,-36.767119047619055,-34.8485,-56.061,-15.610999999999999,37.95397999580633,-92.373,-102.97999999999999,-111.56899999999999,-91.33699999999999,30.66640380243358,11.609780487804874,-10.01,-32.19,19.936999999999998,78.66392734332305,13.036068965517238,3.266,-24.336,30.471,58.71298604103532,-15.566977272727273,-17.384,-40.108,3.711,34.16876348532019
1013,2,174.80323529411763,103.633,87.405,134.97899999999998,210.80923360100707,220.14305405405403,75.66,55.568,128.678,535.4667669632286,298.74040476190476,91.6405,57.235,138.113,766.419334071014,87.65991176470591,61.855000000000004,49.543,80.61099999999999,116.31399926592844,71.82016981132075,33.449,19.256999999999998,65.396,122.91083363791314,14.28566666666667,16.043,-12.538,32.49,48.13922706399471,117.80445000000002,114.187,104.985,121.255,28.821759291620324,70.81614285714286,33.552499999999995,17.919999999999998,53.330999999999996,187.07907083146426,52.27769767441861,55.125,27.615,73.377,29.56821460021755,71.47227499999998,103.234,24.441,123.363,61.182697925436855
1007,2,121.7282089552239,81.679,72.988,101.30499999999999,136.94829978040454,461.31333333333333,145.214,87.48299999999999,299.953,912.3999202455345,470.21840624999993,215.798,93.806,409.76,959.9006854362374,58.767,30.5185,15.93,66.23899999999999,77.73273058068533,64.87710869565215,33.167,14.356,65.273,139.45018908528326,103.52488461538464,50.14,31.110999999999997,66.609,184.3759531562241,168.46442857142853,159.209,142.88299999999998,166.326,45.867021245739764,46.37841935483872,45.256,26.804,63.434,31.45188819851064,361.70777419354846,180.22,75.56099999999999,217.816,666.2446294641685,109.14503124999999,58.232,25.615,118.89,243.21961644140097
1048,1,192.35532653061233,96.96,77.077,193.56799999999998,249.7763029482904,743.3910714285714,113.746,68.265,428.48999999999995,1332.6996111046326,523.017,118.6345,45.949999999999996,439.447,954.5924967955508,20.12322727272727,9.3385,-14.828999999999999,30.68,56.378855807687174,170.72599999999997,26.081,3.581,60.656,797.6134227875995,229.55044444444442,107.44699999999999,84.463,151.594,438.3025854809168,133.34723809523808,125.113,114.61399999999999,149.334,33.21919579234988,95.13174285714285,10.716999999999999,-2.146,67.71,276.67420748836395,127.68228571428571,32.274499999999996,14.001999999999999,49.660999999999994,380.04481316943344,46.4728275862069,43.428,23.43,74.42099999999999,32.32056263330664
1001,3,159.99917499999995,88.54599999999999,87.37299999999999,103.801,315.62268772696655,223.79132142857137,56.1005,7.9719999999999995,111.97699999999999,438.7295884895685,63.386879999999984,40.07299999999999,24.018,64.34,109.36275337733144,31.450349999999997,4.1095,-7.592,15.941999999999998,164.4973264109321,6.657897959183671,7.808999999999999,-15.267999999999999,16.029999999999998,37.75341803744667,12.345750000000002,3.477499999999999,-7.55,23.919999999999998,42.0190878998436,-38.19312903225805,-39.73,-48.033,-23.479,17.487419954054467,12.491722222222222,8.051499999999999,-23.487,32.071,59.175486241522634,99.22503846153846,15.456,-7.452,47.809,393.71895262437965,-6.560853658536585,-7.438,-23.217,8.043,28.608199898421585
1058,1,368.74459162303657,105.368,94.609,148.838,1189.654095138561,595.514913580247,151.317,88.487,384.77,1538.0479179909853,558.7400364963504,141.034,63.47,334.515,1698.7808806276316,53.960108108108116,27.955999999999996,1.758,81.926,98.565736427359,55.343924731182796,36.5815,7.422,61.766,124.89430414019918,104.94716666666669,81.8565,46.686,118.152,97.16133013297816,215.95286567164172,181.462,163.136,208.331,122.34728360347175,156.07271794871792,43.708,10.873999999999999,96.94699999999999,788.4713390688897,117.9090746268657,73.12899999999999,22.426,212.135,134.01746664241912,56.89280165289254,55.974999999999994,31.075999999999997,71.387,37.65398171234569
1004,2,144.00751351351352,87.50999999999999,79.426,95.847,291.87726405723095,203.51736842105262,24.163999999999998,-0.497,71.973,755.4657894938584,178.44240000000002,-6.976999999999999,-31.573999999999998,32.049,630.175879733124,13.283176470588232,0.705,-7.699,31.991,52.797958199436195,19.48290322580645,7.622999999999999,-7.348999999999999,32.076,49.59427158745577,47.5959375,36.051,8.020999999999999,103.893,54.80604492142419,-22.779210526315794,-39.766999999999996,-47.333999999999996,-7.646999999999999,37.40424734138409,3.3254736842105257,-7.441999999999999,-23.357,31.631999999999998,37.46307817092631,26.64354838709678,7.981,-7.417999999999999,32.015,67.03868747016591,71.97917391304348,71.956,63.952,79.785,13.362334355303526
1044,2,148.235021978022,105.327,96.223,113.196,169.6002585860427,782.3300487804878,279.31,134.215,443.54699999999997,2594.7084324779726,597.8757391304347,239.86999999999998,105.838,572.2339999999999,1178.46766853073,83.39045833333333,23.493000000000002,3.972,48.974,232.71561732751388,807.8645816326531,-2.1479999999999997,-21.401999999999997,27.002,7789.6063007514485,114.21101818181816,46.527,18.637999999999998,63.571999999999996,503.1630638447617,56.05804545454544,33.2275,18.384,63.895999999999994,116.72389704339852,33.58231632653061,1.4344999999999999,-10.498,15.862,160.04318819116207,139.5873404255319,109.07,86.817,163.03,86.24330803107253,98.35467567567568,31.988999999999997,15.084,65.087,392.83112611255416
1036,2,123.67654545454545,84.61099999999999,77.297,89.972,131.44719999105357,324.22792857142855,126.47649999999999,91.53999999999999,308.964,473.9636296991679,152.50886666666665,88.262,37.199999999999996,162.16,216.08651413987823,13.01475,14.7455,10.709999999999999,26.404999999999998,17.826526316139102,88.79188235294117,15.709999999999999,1.843,35.612,216.2657397447878,34.63130769230769,32.387,24.764,41.513999999999996,23.22786326585887,37.41645454545454,44.946999999999996,-15.552,90.78999999999999,57.22427137738608,36.09846666666667,36.214999999999996,8.546999999999999,57.349,44.51535776539319,58.49752631578947,48.713,28.814,64.03399999999999,42.807816704907246,25.339071428571426,18.6935,10.921999999999999,40.174,17.09149806849226
1052,3,184.08552173913046,105.31,80.021,261.156,222.2898582510252,294.60849999999994,149.07649999999998,43.129,499.195,326.15512586817783,260.67427499999997,100.39049999999999,67.685,278.299,386.15137338095707,76.38841176470589,23.442999999999998,16.826,62.739,142.0134958085229,127.45384615384609,46.073499999999996,17.590999999999998,82.556,270.0345247041051,55.84706666666666,46.4295,21.794,75.196,61.09608140542936,88.68700000000001,81.14699999999999,57.778,110.374,43.20643355423114,354.83767567567565,64.904,23.584,241.117,679.6282936091714,79.5929523809524,57.305,34.394,97.047,78.67197240852435,17.92558064516129,16.014,-1.565,41.172,27.903463814580668
1036,3,81.62884313725488,77.80499999999999,74.00399999999999,86.255,17.70631911648782,363.78736363636364,255.599,77.119,484.67199999999997,432.9688745063027,189.99573684210523,57.736,26.198,128.435,425.44280857358774,39.52562499999999,37.863,24.296,64.91799999999999,26.396300519675098,135.038375,25.447499999999998,3.6029999999999998,42.802,531.7157525741192,29.204789473684208,34.728,20.389,41.271,18.311647206017835,11.864833333333332,11.991,-15.93,43.254,33.97395635139756,43.626,55.483,32.373,65.212,38.5919947884273,60.046,10.555,3.3739999999999997,61.36,109.57368920616845,61.28257894736843,26.430999999999997,17.646,56.727999999999994,129.3124004654859
1043,3,823.4824999999997,106.31199999999998,87.46499999999999,187.935,3585.7218403789952,550.6326538461537,161.0335,79.29299999999999,607.593,873.9375809769456,849.35324,278.587,176.96599999999998,485.33099999999996,2035.4997248516408,71.54071428571429,72.50699999999999,62.053999999999995,80.579,24.243315812228094,74.43452083333334,62.5035,49.504999999999995,84.425,50.554163115389706,140.75733333333332,118.00699999999999,118.00699999999999,194.398,46.63213205862813,111.07081818181815,106.55,94.277,119.09899999999999,42.128130207304906,63.168470588235294,61.244,54.757,71.152,23.310962560879073,93.04186666666668,93.2995,76.164,113.68599999999999,32.85222112968959,102.2542857142857,103.571,79.31,126.67599999999999,28.493660732069607
1044,1,161.8876,105.4505,99.036,121.99799999999999,177.17331183062973,867.1935625,321.9605,151.143,671.751,2433.8913268971537,571.1404925373132,262.645,135.44,701.583,1123.120274544638,78.66397435897434,23.596,5.984,67.234,182.0983984056982,784.5306380952378,3.231,-14.599,27.002,7525.127465874637,45.25725,30.06,11.151,54.486999999999995,72.69248252127542,59.502890625,54.13549999999999,23.087,73.43299999999999,64.04987209015819,62.57136734693878,1.7534999999999998,-10.610999999999999,27.706,236.78525016956536,156.50591176470584,116.4545,62.581999999999994,200.53099999999998,128.2284672011233,37.58677049180328,31.660999999999998,15.975,48.162,50.160163807678245
1029,1,160.64197872340432,97.264,84.711,149.457,201.603438072768,199.88019047619045,122.014,57.903,196.24599999999998,233.70796936895817,257.50226086956513,82.88399999999999,50.418,234.512,415.8423621076426,31.02323529411764,30.759999999999998,17.032999999999998,44.403,14.485207698413456,32.00884313725491,33.522,17.894,50.471,26.154035884637423,81.72214705882355,24.386,11.431,51.546,200.63595181264395,99.98854545454543,83.071,46.559,107.785,94.1369135688001,21.064785714285716,22.647,6.263,31.631999999999998,31.469471111318864,32.55391304347825,25.88,12.103,39.894,24.06279322355091,32.87132142857142,32.867999999999995,21.631999999999998,40.9,20.487419708207874
1003,3,149.7203454545454,81.71799999999999,75.91799999999999,97.788,174.36784176362443,359.01224999999994,70.7935,51.443,121.975,716.3305292599506,242.838,68.559,29.092,254.119,382.5809356354596,37.19327777777778,22.881999999999998,11.934999999999999,50.623999999999995,40.12040110614924,48.115382352941175,35.2855,20.894,48.949999999999996,47.5367132027668,28.529357142857148,29.7745,20.3,34.605,16.556116878465392,55.19156666666667,47.677499999999995,44.778,59.201,26.659475196846323,70.36088888888887,27.3975,7.867999999999999,51.824,134.9105292676633,34.56515,35.974999999999994,21.691,49.381,28.370079689113787,39.800826086956526,16.742,12.546,30.116999999999997,102.5405811159891
1058,3,201.77025,117.99199999999999,105.997,130.142,294.4799761469832,363.8614482758621,266.719,52.174,353.889,480.14960452212824,535.4587826086957,107.39399999999999,52.626999999999995,784.091,781.3431120535597,580.170947368421,63.175999999999995,25.218999999999998,198.42999999999998,1843.2303808289485,154.0281063829787,65.797,27.366,114.34299999999999,536.5550919740809,167.85549999999998,120.97349999999999,65.119,214.28,131.48833555050464,179.15929411764708,178.26,166.923,190.018,16.144511849095597,44.21113636363636,33.7375,18.519,66.456,36.202420717925236,112.337,59.647999999999996,11.633,139.489,174.93533518854733,56.79834782608694,54.254999999999995,34.934999999999995,74.265,39.68633632350823
1007,1,107.69447368421055,77.607,65.719,88.804,120.58302201113166,631.8205833333335,341.5295,143.569,692.879,1068.2671076432684,400.0434473684211,260.943,132.671,544.675,476.3540962850547,219.0745,53.693999999999996,24.788999999999998,83.859,656.6126508673129,86.40599999999996,50.924499999999995,32.449999999999996,61.439,182.34888748514416,82.78107407407407,44.543,27.956999999999997,72.26899999999999,134.17558511286217,231.02067999999989,160.09699999999998,143.503,180.71699999999998,245.78221113225422,76.57459374999998,48.28,39.768,64.163,119.8835590384806,171.98865517241376,180.188,83.594,204.35899999999998,191.85709070951665,70.40155555555556,61.675,45.33,100.90899999999999,39.97629709890202
1039,1,746.1670294117647,118.18799999999999,105.874,145.84799999999998,3809.077925643031,400.65257692307694,185.974,126.803,333.171,682.96203875789,301.2286363636363,237.27349999999998,145.57899999999998,307.38,229.75204496287597,106.23985714285716,57.4475,12.067,110.518,174.60076010489985,166.0342391304348,80.13199999999999,58.702999999999996,139.89499999999998,235.01310296295154,131.7592,104.28999999999999,93.586,129.678,98.40867571669831,183.15265000000002,183.9835,175.237,186.641,17.974622468109104,139.22233333333335,82.2205,68.52799999999999,129.88,194.89245347151058,211.80242857142855,208.53099999999998,116.64,242.92499999999998,135.52380140461358,130.52640000000002,56.991,39.626,121.268,238.2484079432641
1039,3,203.11349275362318,113.115,102.503,157.213,268.20903189520925,530.6453333333333,250.67999999999998,151.013,550.8919999999999,819.0103192469758,524.5191923076922,485.827,183.753,624.424,404.84545268801224,96.06407692307693,87.097,41.107,101.573,79.03873816201514,91.47696875,85.6755,58.823,120.431,52.97369025523006,168.44178260869566,160.338,133.148,186.295,93.20683991285995,230.2559047619047,210.44799999999998,178.33599999999998,250.72199999999998,74.61886797044349,194.48000000000002,93.6545,56.425999999999995,260.241,227.543665495818,206.4324090909091,196.5645,148.757,247.63299999999998,92.0335115667161,96.11934782608694,81.77,49.695,159.51999999999998,62.966849268346024
1003,2,113.71545454545452,79.496,74.80799999999999,95.68299999999999,96.51741859506853,115.82399999999998,81.667,58.157,199.458,90.05142659947148,193.63264285714286,78.3235,35.495999999999995,294.24399999999997,216.81576795710845,41.01333333333333,22.727999999999998,16.198,78.206,49.42937616534562,94.42739393939394,29.625,16.556,50.405,300.4292007234129,36.41419999999999,39.442,26.548,43.553999999999995,21.34632455214982,51.76883870967742,49.948,42.948,59.766999999999996,26.9449581036314,79.63405555555556,34.6695,7.933,63.507,175.19883401756528,46.23402380952381,41.144499999999994,25.285999999999998,64.075,32.59292296181091,20.40795652173913,21.921,12.825999999999999,38.858,24.04197911320617
1050,2,245.04619354838704,110.942,86.46799999999999,156.126,533.5355265851512,465.8352666666667,272.714,196.583,405.143,551.8064861406793,484.8470666666669,100.877,65.429,371.877,900.3696030044702,132.44233333333335,41.071999999999996,34.913,100.321,206.87138886040609,73.72866666666667,52.064499999999995,32.466,85.359,101.25851550456721,150.45261538461537,90.957,69.98899999999999,122.863,187.87993215606122,237.4525833333333,177.35,164.667,197.843,191.35779985027492,213.41058333333334,93.9555,67.74799999999999,107.583,393.81349320884885,368.2732692307693,67.78899999999999,48.826,185.39499999999998,1342.1794187354103,63.321529411764715,61.790499999999994,46.077,84.017,30.779742193020486
1051,3,169.12590196078432,109.759,98.503,119.05399999999999,257.9267121137518,2266.8685,2368.6735,1386.2659999999998,2925.964,1497.6074569201037,1878.3889230769225,521.572,244.628,1349.165,3244.8435425918065,-14.032874999999999,-13.710999999999999,-18.762,-11.783,15.587769513651216,21.09575,23.717,1.014,43.650999999999996,37.926888816451246,192.23859999999996,63.814,34.245999999999995,124.77,304.1040361238239,162.245,162.245,162.245,162.245,0.0,14.884909090909092,15.247,6.630999999999999,25.462,14.529160350512656,66.07563636363635,49.26,-7.824,147.248,82.20048648915981,105.05571428571427,102.238,99.839,123.809,17.60179377899012
1057,1,157.77392354124748,92.14399999999999,82.258,112.267,376.83685970913956,229.85523448275862,88.622,19.421,256.49199999999996,445.8118664581696,276.4944642857143,60.8365,22.615,180.021,1158.201603948808,29.62047826086957,2.618,-14.734,34.546,127.98533594033532,16.078347280334725,1.728,-28.337,45.33,83.811424256381,-51.355568807339424,-67.584,-99.869,-15.902999999999999,71.97554802016508,-11.212557894736845,-35.498999999999995,-56.439,-2.218,91.34100906093904,28.573095238095238,7.7295,-11.856,45.674,86.46743171613049,43.776774834437084,19.018,1.2249999999999999,55.117999999999995,93.50979911375936,-7.562217105263157,-25.042499999999997,-64.082,7.122999999999999,170.12915357215445
1055,1,119.78826428571429,90.163,74.532,115.46199999999999,108.67838662449746,317.9171891891893,34.545,6.667999999999999,78.179,834.4527292714348,238.40478723404266,88.984,50.504,287.63,416.02428511242175,62.13473913043477,48.038999999999994,35.51,67.324,55.19082757719915,67.58641463414635,39.92,7.193,79.92099999999999,122.33223456615764,22.20997826086956,2.396,-28.868,33.152,97.68760695457037,144.92188235294114,69.00699999999999,38.272,92.04899999999999,224.94299600284356,61.29577358490565,43.238,19.037,73.579,75.6724849371496,87.94611538461537,57.284,21.645,114.919,100.64378644519567,13.478480000000001,9.998999999999999,-7.588,32.26,50.42947016448834
1044,3,123.25981249999998,105.3725,98.48899999999999,112.446,70.09054706431192,746.5248461538462,261.49,97.887,362.604,1361.7756751135535,516.7805454545455,267.97,143.52599999999998,619.587,682.1442366576936,65.27823529411764,50.412499999999994,23.616,81.85799999999999,70.33346020470769,87.60653488372091,23.429,-4.202,77.51899999999999,202.4493477180037,82.49958823529411,22.671,11.602,41.358,166.11170285799358,115.39624999999998,72.1175,16.227999999999998,85.017,193.69793964591213,58.64461290322581,10.27,-7.699,67.8,139.14073668715847,161.55277777777778,123.95349999999999,100.737,181.754,97.919946666265,35.14917647058823,24.701,11.532,47.65,34.45726195636287
1054,1,116.16099999999999,101.991,94.33399999999999,115.577,48.14182056204949,193.52735714285714,120.8325,76.148,178.4,207.80319339937688,381.3914864864865,59.927499999999995,25.644,144.46599999999998,913.2680302835413,4.309466666666667,3.3785,-8.149,26.328,22.69204476544107,44.22835616438356,5.77,-4.792,22.613999999999997,204.81193799532082,74.538,53.079,36.742,77.96,63.90350326219852,33.50966666666667,26.497999999999998,-20.459999999999997,64.56099999999999,63.4878084095181,20.56136170212766,1.283,-14.724,47.068,62.27518379126547,73.19846511627907,33.32,10.551,72.047,133.14059783397414,51.62460377358492,33.071,21.874,48.184,92.31945641136534
1037,1,219.39684415584418,126.33999999999999,112.55,155.96699999999998,530.513624045716,697.4938571428572,283.562,109.53099999999999,481.465,1884.5493629508414,977.1967301587301,266.111,114.913,461.644,4025.319009694367,1.3478,-10.761,-23.601,19.424,73.40739665092794,47.25047826086954,14.426499999999999,-33.287,55.215999999999994,143.93658117558581,4.04786111111111,-20.397,-65.301,26.355999999999998,181.5959215245529,-73.95712500000002,-96.436,-107.98299999999999,-67.05199999999999,70.10090379357658,103.71794594594593,33.507,-7.167,106.03699999999999,209.21145949120816,66.56892499999995,29.842,-1.105,65.612,168.78294616920965,-24.36247727272727,-58.349999999999994,-86.071,-20.537,209.67890828059853
1005,2,123.11288709677419,88.0455,79.851,112.06599999999999,103.33791081246709,272.746511627907,103.84899999999999,48.043,143.065,966.3143731319279,292.2604126984126,15.687999999999999,-31.18,104.273,1077.4707668580309,-33.899133333333324,-38.966,-56.089,-22.983,30.990859851356767,-36.375444444444454,-39.888999999999996,-55.916,-25.83,32.312537287401085,42.28453846153846,24.043999999999997,15.684999999999999,40.05,73.89845359044031,54.37589285714286,56.1075,47.989999999999995,64.003,20.366562089819322,-28.340613636363624,-44.055499999999995,-56.001999999999995,-23.766,65.13203149068103,-3.2238448275862064,-23.5615,-32.305,-7.366,105.6616993629846,9.205499999999999,3.4025,-24.673,23.918,65.75000430515315
1053,1,111.42003846153844,79.2595,71.247,91.09299999999999,93.19344253816901,70.56959090909089,3.8309999999999995,-16.742,56.556999999999995,199.20009249382812,76.59485416666668,8.958499999999999,-2.86,47.202999999999996,370.99030265998084,22.52432558139535,-13.898,-33.612,1.036,208.63997599358987,27.546522388059696,-1.777,-21.753999999999998,16.784,155.87476514840833,40.63365,2.1849999999999996,-10.863999999999999,17.247,133.00646473020853,58.27258536585366,62.434,42.967,79.443,26.237073262823742,25.50233898305084,-2.451,-22.301,22.983999999999998,114.45829103615687,39.05342857142859,1.4849999999999999,-17.556,19.479,144.17553289353384,-4.8486923076923025,-13.122,-27.250999999999998,-3.687,60.47299804159508
1029,2,150.9615,150.9615,80.32,221.60299999999998,81.56977808191789,150.0254,95.229,63.520999999999994,97.36099999999999,178.2405545493069,232.55717647058825,108.374,47.286,269.067,289.3787552787785,113.38919999999999,44.461999999999996,32.562,75.524,157.02483153437865,0.5313846153846166,-16.784,-23.044,31.980999999999998,41.1822331430212,82.81590909090909,81.604,56.948,102.892,27.05310828177841,119.53566666666666,114.201,113.978,130.428,8.43775450381597,18.345545454545455,19.868,-9.046,38.097,26.745420497593106,110.16844444444445,84.179,52.099,109.323,121.4379677793526,69.44008333333332,41.7195,32.676,111.002,57.299992057755475
1056,1,174.43998484848478,122.9225,104.234,175.11499999999998,142.79932681714763,903.9899999999999,621.6355,498.28799999999995,1161.416,597.2418257460162,1965.543925925926,622.5509999999999,495.245,1056.003,4389.021797895253,199.59733333333332,195.56099999999998,172.679,223.85299999999998,50.274115664122064,296.12635483870974,230.22699999999998,207.25199999999998,305.817,171.3438731206047,252.75865000000005,240.8045,229.29399999999998,275.486,40.15411337423668,179.43414285714283,169.59199999999998,146.432,181.94,58.32145473861718,2696.3764042553194,179.884,168.813,212.858,17027.577009715777,358.0680625000001,195.3165,174.16899999999998,233.552,894.1477592776386,160.1567037037037,148.982,135.53199999999998,172.74699999999999,33.373810342167786
1045,2,188.52279824561404,100.03299999999999,85.195,126.02499999999999,630.1231845777106,829.9991666666666,99.3385,50.596999999999994,138.655,5344.913084245386,296.08998999999994,169.3715,104.502,212.762,483.6781582064354,191.42027536231885,40.102,15.231,77.197,1107.221748980168,115.77178294573643,57.495999999999995,30.419999999999998,90.24199999999999,477.64777112502316,56.22285507246376,51.107,28.474,69.582,47.620990721552786,165.65090566037736,148.10999999999999,136.60899999999998,166.958,60.91543920445537,65.63152857142856,54.245,28.33,76.585,73.87985251327474,158.86291250000005,165.2995,83.604,186.045,98.37684968530402,137.1728333333333,125.86249999999998,98.57199999999999,141.16,122.25388274355748
1005,1,103.05440740740741,79.36,71.8,96.265,66.34262901626053,121.01297727272723,104.062,48.736,135.903,165.37980069686367,33.33671428571428,-15.987,-39.723,15.838,198.47106236300547,139.92768181818178,-35.2915,-56.141,-7.452,788.8568182200285,-33.893,-42.006,-59.013999999999996,-31.74,58.33269348805546,37.841874999999995,19.9045,7.795,42.097,92.41976249969483,54.59878378378378,55.922999999999995,40.129,64.37299999999999,22.15325904934774,-28.101,-43.979,-56.032,-31.590999999999998,49.601631631292996,0.11870769230769115,-15.546999999999999,-37.125,7.582,80.48200560562495,4.120042553191488,-0.6739999999999999,-16.598,16.213,52.35575161666553
1064,3,587.55905,90.56549999999999,79.539,115.31599999999999,2699.8732952831015,1600.4139879518073,392.715,127.987,1098.157,4572.50791199442,860.0366987951808,443.488,243.634,1260.922,849.7668193587958,728.7447076923077,73.12599999999999,31.118,241.504,2579.576157236063,913.3495089285713,112.36399999999999,72.366,208.739,3976.3717610346175,-0.7854218749999982,-24.735999999999997,-38.766,-0.981,97.50316108588392,144.7420136986301,139.666,132.96699999999998,150.58599999999998,24.64305665310501,516.4189417475728,149.796,88.621,771.5409999999999,838.1981719846495,301.51801724137937,180.3125,162.398,208.821,371.0676959688505,102.4024,91.402,84.606,99.823,84.12238812073238
1045,1,117.78133130699088,96.676,82.441,114.315,83.73344515260708,366.032923076923,108.957,63.019,213.368,895.0847481929488,409.0271594202898,170.21599999999998,75.12599999999999,222.361,1391.351285493664,78.24801666666664,51.495,26.965999999999998,79.813,104.76616168150045,99.8991160714286,68.322,45.714,86.446,137.93034901422024,69.46410204081631,54.707,36.571999999999996,81.086,61.97675823552893,201.3422333333333,156.7375,141.654,174.9,131.68883535503292,126.71432727272726,62.043,40.744,86.545,355.1354433126239,156.8389038461538,171.712,101.67399999999999,189.89999999999998,71.59454612766162,121.62127692307693,119.98899999999999,80.85499999999999,142.096,73.13972253897579
1005,3,83.43276470588235,80.09299999999999,79.85199999999999,88.02,6.785008239949049,505.6988064516129,80.16199999999999,31.991999999999997,272.952,1387.22387896692,33.928317073170746,-15.359,-33.528,15.963999999999999,187.3445384554136,-7.362999999999997,-31.871,-40.233,-15.165,79.53777673638274,14.899760869565213,-33.34949999999999,-47.815,-23.456999999999997,326.5776915477768,23.851965517241382,16.012,-0.7949999999999999,32.333999999999996,53.801240736810115,52.19213333333333,56.131,48.126999999999995,64.014,19.154188273313064,361.5642777777777,-48.0995,-57.54,-32.292,1732.4656437019535,1.993309523809524,-7.84,-31.735999999999997,16.044999999999998,45.67863600035664,2.7323125,-7.4079999999999995,-23.842,32.341,31.12032619390938
1063,3,232.84127118644068,90.16999999999999,78.14699999999999,113.80399999999999,438.83257850713966,546.9854814814815,123.815,63.163,487.99899999999997,1467.22328956967,466.3355555555555,186.21699999999998,68.892,542.852,753.1094474198459,195.0551111111111,53.427,32.317,76.65899999999999,588.1652492861757,107.53999999999999,25.2325,13.747,44.07,295.6577197864675,51.49683333333332,39.5835,30.994,57.146,35.333175949335015,194.40539285714286,113.53899999999999,101.482,141.393,236.2735111839884,99.0596923076923,49.573,22.727,80.298,247.84420502735114,111.35963636363634,21.1745,-43.22,67.87299999999999,398.89613082192443,54.13999999999999,49.248,34.635999999999996,64.64,30.20768680564846
